C,NEMP.WORLD,ACTUAL_OPERATIONAL_DEMAND_DAILY,AEMO,PUBLIC,2021/10/17,04:40:00,0000000350943163,,0000000350943161
I,OPERATIONAL_DEMAND,ACTUAL,2,REGIONID,INTERVAL_DATETIME,OPERATIONAL_DEMAND,OPERATIONAL_DEMAND_ADJUSTMENT,LASTCHANGED
D,OPERATIONAL_DEMAND,ACTUAL,2,NSW1,"2021/10/16 04:30:00",6089,0,"2021/10/16 04:30:01"
D,OPERATIONAL_DEMAND,ACTUAL,2,NSW1,"2021/10/16 05:00:00",6193,0,"2021/10/16 05:00:01"
D,OPERATIONAL_DEMAND,ACTUAL,2,NSW1,"2021/10/16 05:30:00",6376,0,"2021/10/16 05:30:01"
D,OPERATIONAL_DEMAND,ACTUAL,2,NSW1,"2021/10/16 06:00:00",6520,0,"2021/10/16 06:00:01"
D,OPERATIONAL_DEMAND,ACTUAL,2,NSW1,"2021/10/16 06:30:00",6646,0,"2021/10/16 06:30:01"
D,OPERATIONAL_DEMAND,ACTUAL,2,NSW1,"2021/10/16 07:00:00",6749,0,"2021/10/16 07:00:01"
D,OPERATIONAL_DEMAND,ACTUAL,2,NSW1,"2021/10/16 07:30:00",6730,0,"2021/10/16 07:30:01"
D,OPERATIONAL_DEMAND,ACTUAL,2,NSW1,"2021/10/16 08:00:00",6585,0,"2021/10/16 08:00:01"
D,OPERATIONAL_DEMAND,ACTUAL,2,NSW1,"2021/10/16 08:30:00",6585,0,"2021/10/16 08:30:01"
D,OPERATIONAL_DEMAND,ACTUAL,2,NSW1,"2021/10/16 09:00:00",6373,0,"2021/10/16 09:00:01"
D,OPERATIONAL_DEMAND,ACTUAL,2,NSW1,"2021/10/16 09:30:00",6122,0,"2021/10/16 09:30:01"
D,OPERATIONAL_DEMAND,ACTUAL,2,NSW1,"2021/10/16 10:00:00",6049,0,"2021/10/16 10:00:01"
D,OPERATIONAL_DEMAND,ACTUAL,2,NSW1,"2021/10/16 10:30:00",5852,0,"2021/10/16 10:30:01"
D,OPERATIONAL_DEMAND,ACTUAL,2,NSW1,"2021/10/16 11:00:00",5615,0,"2021/10/16 11:00:01"
D,OPERATIONAL_DEMAND,ACTUAL,2,NSW1,"2021/10/16 11:30:00",5430,0,"2021/10/16 11:30:01"
D,OPERATIONAL_DEMAND,ACTUAL,2,NSW1,"2021/10/16 12:00:00",5276,0,"2021/10/16 12:00:01"
D,OPERATIONAL_DEMAND,ACTUAL,2,NSW1,"2021/10/16 12:30:00",5173,0,"2021/10/16 12:30:01"
D,OPERATIONAL_DEMAND,ACTUAL,2,NSW1,"2021/10/16 13:00:00",5145,0,"2021/10/16 13:00:01"
D,OPERATIONAL_DEMAND,ACTUAL,2,NSW1,"2021/10/16 13:30:00",5159,0,"2021/10/16 13:30:01"
D,OPERATIONAL_DEMAND,ACTUAL,2,NSW1,"2021/10/16 14:00:00",5260,0,"2021/10/16 14:00:01"
D,OPERATIONAL_DEMAND,ACTUAL,2,NSW1,"2021/10/16 14:30:00",5364,0,"2021/10/16 14:30:01"
D,OPERATIONAL_DEMAND,ACTUAL,2,NSW1,"2021/10/16 15:00:00",5487,0,"2021/10/16 15:00:01"
D,OPERATIONAL_DEMAND,ACTUAL,2,NSW1,"2021/10/16 15:30:00",5727,0,"2021/10/16 15:30:01"
D,OPERATIONAL_DEMAND,ACTUAL,2,NSW1,"2021/10/16 16:00:00",6074,0,"2021/10/16 16:00:01"
D,OPERATIONAL_DEMAND,ACTUAL,2,NSW1,"2021/10/16 16:30:00",6423,0,"2021/10/16 16:30:01"
D,OPERATIONAL_DEMAND,ACTUAL,2,NSW1,"2021/10/16 17:00:00",6930,0,"2021/10/16 17:00:01"
D,OPERATIONAL_DEMAND,ACTUAL,2,NSW1,"2021/10/16 17:30:00",7257,0,"2021/10/16 17:30:01"
D,OPERATIONAL_DEMAND,ACTUAL,2,NSW1,"2021/10/16 18:00:00",7547,0,"2021/10/16 18:00:01"
D,OPERATIONAL_DEMAND,ACTUAL,2,NSW1,"2021/10/16 18:30:00",7750,0,"2021/10/16 18:30:01"
D,OPERATIONAL_DEMAND,ACTUAL,2,NSW1,"2021/10/16 19:00:00",7850,0,"2021/10/16 19:00:01"
D,OPERATIONAL_DEMAND,ACTUAL,2,NSW1,"2021/10/16 19:30:00",7754,0,"2021/10/16 19:30:01"
D,OPERATIONAL_DEMAND,ACTUAL,2,NSW1,"2021/10/16 20:00:00",7633,0,"2021/10/16 20:00:01"
D,OPERATIONAL_DEMAND,ACTUAL,2,NSW1,"2021/10/16 20:30:00",7512,0,"2021/10/16 20:30:01"
D,OPERATIONAL_DEMAND,ACTUAL,2,NSW1,"2021/10/16 21:00:00",7360,0,"2021/10/16 21:00:01"
D,OPERATIONAL_DEMAND,ACTUAL,2,NSW1,"2021/10/16 21:30:00",7285,0,"2021/10/16 21:30:01"
D,OPERATIONAL_DEMAND,ACTUAL,2,NSW1,"2021/10/16 22:00:00",7201,0,"2021/10/16 22:00:01"
D,OPERATIONAL_DEMAND,ACTUAL,2,NSW1,"2021/10/16 22:30:00",7187,0,"2021/10/16 22:30:01"
D,OPERATIONAL_DEMAND,ACTUAL,2,NSW1,"2021/10/16 23:00:00",7021,0,"2021/10/16 23:00:01"
D,OPERATIONAL_DEMAND,ACTUAL,2,NSW1,"2021/10/16 23:30:00",6895,0,"2021/10/16 23:30:01"
D,OPERATIONAL_DEMAND,ACTUAL,2,NSW1,"2021/10/17 00:00:00",6778,0,"2021/10/17 00:00:01"
D,OPERATIONAL_DEMAND,ACTUAL,2,NSW1,"2021/10/17 00:30:00",6643,0,"2021/10/17 00:30:01"
D,OPERATIONAL_DEMAND,ACTUAL,2,NSW1,"2021/10/17 01:00:00",6499,0,"2021/10/17 01:00:01"
D,OPERATIONAL_DEMAND,ACTUAL,2,NSW1,"2021/10/17 01:30:00",6279,0,"2021/10/17 01:30:01"
D,OPERATIONAL_DEMAND,ACTUAL,2,NSW1,"2021/10/17 02:00:00",6076,0,"2021/10/17 02:00:01"
D,OPERATIONAL_DEMAND,ACTUAL,2,NSW1,"2021/10/17 02:30:00",5949,0,"2021/10/17 02:30:01"
D,OPERATIONAL_DEMAND,ACTUAL,2,NSW1,"2021/10/17 03:00:00",5875,0,"2021/10/17 03:00:01"
D,OPERATIONAL_DEMAND,ACTUAL,2,NSW1,"2021/10/17 03:30:00",5804,0,"2021/10/17 03:30:01"
D,OPERATIONAL_DEMAND,ACTUAL,2,NSW1,"2021/10/17 04:00:00",5834,0,"2021/10/17 04:00:01"
D,OPERATIONAL_DEMAND,ACTUAL,2,QLD1,"2021/10/16 04:30:00",5313,0,"2021/10/16 04:30:01"
D,OPERATIONAL_DEMAND,ACTUAL,2,QLD1,"2021/10/16 05:00:00",5334,0,"2021/10/16 05:00:01"
D,OPERATIONAL_DEMAND,ACTUAL,2,QLD1,"2021/10/16 05:30:00",5377,0,"2021/10/16 05:30:01"
D,OPERATIONAL_DEMAND,ACTUAL,2,QLD1,"2021/10/16 06:00:00",5287,0,"2021/10/16 06:00:01"
D,OPERATIONAL_DEMAND,ACTUAL,2,QLD1,"2021/10/16 06:30:00",5175,0,"2021/10/16 06:30:01"
D,OPERATIONAL_DEMAND,ACTUAL,2,QLD1,"2021/10/16 07:00:00",4977,0,"2021/10/16 07:00:01"
D,OPERATIONAL_DEMAND,ACTUAL,2,QLD1,"2021/10/16 07:30:00",4832,0,"2021/10/16 07:30:01"
D,OPERATIONAL_DEMAND,ACTUAL,2,QLD1,"2021/10/16 08:00:00",4644,0,"2021/10/16 08:00:01"
D,OPERATIONAL_DEMAND,ACTUAL,2,QLD1,"2021/10/16 08:30:00",4493,0,"2021/10/16 08:30:01"
D,OPERATIONAL_DEMAND,ACTUAL,2,QLD1,"2021/10/16 09:00:00",4323,0,"2021/10/16 09:00:01"
D,OPERATIONAL_DEMAND,ACTUAL,2,QLD1,"2021/10/16 09:30:00",4205,0,"2021/10/16 09:30:01"
D,OPERATIONAL_DEMAND,ACTUAL,2,QLD1,"2021/10/16 10:00:00",4095,0,"2021/10/16 10:00:01"
D,OPERATIONAL_DEMAND,ACTUAL,2,QLD1,"2021/10/16 10:30:00",3998,0,"2021/10/16 10:30:01"
D,OPERATIONAL_DEMAND,ACTUAL,2,QLD1,"2021/10/16 11:00:00",3958,0,"2021/10/16 11:00:01"
D,OPERATIONAL_DEMAND,ACTUAL,2,QLD1,"2021/10/16 11:30:00",3932,0,"2021/10/16 11:30:01"
D,OPERATIONAL_DEMAND,ACTUAL,2,QLD1,"2021/10/16 12:00:00",3941,0,"2021/10/16 12:00:01"
D,OPERATIONAL_DEMAND,ACTUAL,2,QLD1,"2021/10/16 12:30:00",3976,0,"2021/10/16 12:30:01"
D,OPERATIONAL_DEMAND,ACTUAL,2,QLD1,"2021/10/16 13:00:00",4024,0,"2021/10/16 13:00:01"
D,OPERATIONAL_DEMAND,ACTUAL,2,QLD1,"2021/10/16 13:30:00",4109,0,"2021/10/16 13:30:01"
D,OPERATIONAL_DEMAND,ACTUAL,2,QLD1,"2021/10/16 14:00:00",4252,0,"2021/10/16 14:00:01"
D,OPERATIONAL_DEMAND,ACTUAL,2,QLD1,"2021/10/16 14:30:00",4440,0,"2021/10/16 14:30:01"
D,OPERATIONAL_DEMAND,ACTUAL,2,QLD1,"2021/10/16 15:00:00",4715,0,"2021/10/16 15:00:01"
D,OPERATIONAL_DEMAND,ACTUAL,2,QLD1,"2021/10/16 15:30:00",5025,0,"2021/10/16 15:30:01"
D,OPERATIONAL_DEMAND,ACTUAL,2,QLD1,"2021/10/16 16:00:00",5467,0,"2021/10/16 16:00:01"
D,OPERATIONAL_DEMAND,ACTUAL,2,QLD1,"2021/10/16 16:30:00",5901,0,"2021/10/16 16:30:01"
D,OPERATIONAL_DEMAND,ACTUAL,2,QLD1,"2021/10/16 17:00:00",6296,0,"2021/10/16 17:00:01"
D,OPERATIONAL_DEMAND,ACTUAL,2,QLD1,"2021/10/16 17:30:00",6559,0,"2021/10/16 17:30:01"
D,OPERATIONAL_DEMAND,ACTUAL,2,QLD1,"2021/10/16 18:00:00",6765,0,"2021/10/16 18:00:01"
D,OPERATIONAL_DEMAND,ACTUAL,2,QLD1,"2021/10/16 18:30:00",6892,0,"2021/10/16 18:30:01"
D,OPERATIONAL_DEMAND,ACTUAL,2,QLD1,"2021/10/16 19:00:00",6918,0,"2021/10/16 19:00:01"
D,OPERATIONAL_DEMAND,ACTUAL,2,QLD1,"2021/10/16 19:30:00",6825,0,"2021/10/16 19:30:01"
D,OPERATIONAL_DEMAND,ACTUAL,2,QLD1,"2021/10/16 20:00:00",6709,0,"2021/10/16 20:00:01"
D,OPERATIONAL_DEMAND,ACTUAL,2,QLD1,"2021/10/16 20:30:00",6598,0,"2021/10/16 20:30:01"
D,OPERATIONAL_DEMAND,ACTUAL,2,QLD1,"2021/10/16 21:00:00",6455,0,"2021/10/16 21:00:01"
D,OPERATIONAL_DEMAND,ACTUAL,2,QLD1,"2021/10/16 21:30:00",6300,0,"2021/10/16 21:30:01"
D,OPERATIONAL_DEMAND,ACTUAL,2,QLD1,"2021/10/16 22:00:00",6230,0,"2021/10/16 22:00:01"
D,OPERATIONAL_DEMAND,ACTUAL,2,QLD1,"2021/10/16 22:30:00",6122,0,"2021/10/16 22:30:01"
D,OPERATIONAL_DEMAND,ACTUAL,2,QLD1,"2021/10/16 23:00:00",6000,0,"2021/10/16 23:00:01"
D,OPERATIONAL_DEMAND,ACTUAL,2,QLD1,"2021/10/16 23:30:00",5849,0,"2021/10/16 23:30:01"
D,OPERATIONAL_DEMAND,ACTUAL,2,QLD1,"2021/10/17 00:00:00",5659,0,"2021/10/17 00:00:01"
D,OPERATIONAL_DEMAND,ACTUAL,2,QLD1,"2021/10/17 00:30:00",5518,0,"2021/10/17 00:30:01"
D,OPERATIONAL_DEMAND,ACTUAL,2,QLD1,"2021/10/17 01:00:00",5414,0,"2021/10/17 01:00:01"
D,OPERATIONAL_DEMAND,ACTUAL,2,QLD1,"2021/10/17 01:30:00",5316,0,"2021/10/17 01:30:01"
D,OPERATIONAL_DEMAND,ACTUAL,2,QLD1,"2021/10/17 02:00:00",5244,0,"2021/10/17 02:00:01"
D,OPERATIONAL_DEMAND,ACTUAL,2,QLD1,"2021/10/17 02:30:00",5206,0,"2021/10/17 02:30:01"
D,OPERATIONAL_DEMAND,ACTUAL,2,QLD1,"2021/10/17 03:00:00",5162,0,"2021/10/17 03:00:01"
D,OPERATIONAL_DEMAND,ACTUAL,2,QLD1,"2021/10/17 03:30:00",5150,0,"2021/10/17 03:30:01"
D,OPERATIONAL_DEMAND,ACTUAL,2,QLD1,"2021/10/17 04:00:00",5113,0,"2021/10/17 04:00:01"
D,OPERATIONAL_DEMAND,ACTUAL,2,SA1,"2021/10/16 04:30:00",1159,0,"2021/10/16 04:30:01"
D,OPERATIONAL_DEMAND,ACTUAL,2,SA1,"2021/10/16 05:00:00",1171,0,"2021/10/16 05:00:01"
D,OPERATIONAL_DEMAND,ACTUAL,2,SA1,"2021/10/16 05:30:00",1169,0,"2021/10/16 05:30:01"
D,OPERATIONAL_DEMAND,ACTUAL,2,SA1,"2021/10/16 06:00:00",1226,0,"2021/10/16 06:00:01"
D,OPERATIONAL_DEMAND,ACTUAL,2,SA1,"2021/10/16 06:30:00",1255,0,"2021/10/16 06:30:01"
D,OPERATIONAL_DEMAND,ACTUAL,2,SA1,"2021/10/16 07:00:00",1312,0,"2021/10/16 07:00:01"
D,OPERATIONAL_DEMAND,ACTUAL,2,SA1,"2021/10/16 07:30:00",1329,0,"2021/10/16 07:30:01"
D,OPERATIONAL_DEMAND,ACTUAL,2,SA1,"2021/10/16 08:00:00",1316,0,"2021/10/16 08:00:01"
D,OPERATIONAL_DEMAND,ACTUAL,2,SA1,"2021/10/16 08:30:00",1304,0,"2021/10/16 08:30:01"
D,OPERATIONAL_DEMAND,ACTUAL,2,SA1,"2021/10/16 09:00:00",1275,0,"2021/10/16 09:00:01"
D,OPERATIONAL_DEMAND,ACTUAL,2,SA1,"2021/10/16 09:30:00",1192,0,"2021/10/16 09:30:01"
D,OPERATIONAL_DEMAND,ACTUAL,2,SA1,"2021/10/16 10:00:00",1099,0,"2021/10/16 10:00:01"
D,OPERATIONAL_DEMAND,ACTUAL,2,SA1,"2021/10/16 10:30:00",1026,0,"2021/10/16 10:30:01"
D,OPERATIONAL_DEMAND,ACTUAL,2,SA1,"2021/10/16 11:00:00",958,0,"2021/10/16 11:00:01"
D,OPERATIONAL_DEMAND,ACTUAL,2,SA1,"2021/10/16 11:30:00",906,0,"2021/10/16 11:30:01"
D,OPERATIONAL_DEMAND,ACTUAL,2,SA1,"2021/10/16 12:00:00",880,0,"2021/10/16 12:00:01"
D,OPERATIONAL_DEMAND,ACTUAL,2,SA1,"2021/10/16 12:30:00",830,0,"2021/10/16 12:30:01"
D,OPERATIONAL_DEMAND,ACTUAL,2,SA1,"2021/10/16 13:00:00",811,0,"2021/10/16 13:00:01"
D,OPERATIONAL_DEMAND,ACTUAL,2,SA1,"2021/10/16 13:30:00",767,0,"2021/10/16 13:30:01"
D,OPERATIONAL_DEMAND,ACTUAL,2,SA1,"2021/10/16 14:00:00",746,0,"2021/10/16 14:00:01"
D,OPERATIONAL_DEMAND,ACTUAL,2,SA1,"2021/10/16 14:30:00",744,0,"2021/10/16 14:30:01"
D,OPERATIONAL_DEMAND,ACTUAL,2,SA1,"2021/10/16 15:00:00",735,0,"2021/10/16 15:00:01"
D,OPERATIONAL_DEMAND,ACTUAL,2,SA1,"2021/10/16 15:30:00",719,0,"2021/10/16 15:30:01"
D,OPERATIONAL_DEMAND,ACTUAL,2,SA1,"2021/10/16 16:00:00",710,0,"2021/10/16 16:00:01"
D,OPERATIONAL_DEMAND,ACTUAL,2,SA1,"2021/10/16 16:30:00",763,0,"2021/10/16 16:30:01"
D,OPERATIONAL_DEMAND,ACTUAL,2,SA1,"2021/10/16 17:00:00",891,0,"2021/10/16 17:00:01"
D,OPERATIONAL_DEMAND,ACTUAL,2,SA1,"2021/10/16 17:30:00",1057,0,"2021/10/16 17:30:01"
D,OPERATIONAL_DEMAND,ACTUAL,2,SA1,"2021/10/16 18:00:00",1208,0,"2021/10/16 18:00:01"
D,OPERATIONAL_DEMAND,ACTUAL,2,SA1,"2021/10/16 18:30:00",1357,0,"2021/10/16 18:30:01"
D,OPERATIONAL_DEMAND,ACTUAL,2,SA1,"2021/10/16 19:00:00",1455,0,"2021/10/16 19:00:01"
D,OPERATIONAL_DEMAND,ACTUAL,2,SA1,"2021/10/16 19:30:00",1518,0,"2021/10/16 19:30:01"
D,OPERATIONAL_DEMAND,ACTUAL,2,SA1,"2021/10/16 20:00:00",1534,0,"2021/10/16 20:00:01"
D,OPERATIONAL_DEMAND,ACTUAL,2,SA1,"2021/10/16 20:30:00",1505,0,"2021/10/16 20:30:01"
D,OPERATIONAL_DEMAND,ACTUAL,2,SA1,"2021/10/16 21:00:00",1484,0,"2021/10/16 21:00:01"
D,OPERATIONAL_DEMAND,ACTUAL,2,SA1,"2021/10/16 21:30:00",1452,0,"2021/10/16 21:30:01"
D,OPERATIONAL_DEMAND,ACTUAL,2,SA1,"2021/10/16 22:00:00",1403,0,"2021/10/16 22:00:01"
D,OPERATIONAL_DEMAND,ACTUAL,2,SA1,"2021/10/16 22:30:00",1351,0,"2021/10/16 22:30:01"
D,OPERATIONAL_DEMAND,ACTUAL,2,SA1,"2021/10/16 23:00:00",1321,0,"2021/10/16 23:00:01"
D,OPERATIONAL_DEMAND,ACTUAL,2,SA1,"2021/10/16 23:30:00",1287,0,"2021/10/16 23:30:01"
D,OPERATIONAL_DEMAND,ACTUAL,2,SA1,"2021/10/17 00:00:00",1415,0,"2021/10/17 00:00:01"
D,OPERATIONAL_DEMAND,ACTUAL,2,SA1,"2021/10/17 00:30:00",1412,0,"2021/10/17 00:30:01"
D,OPERATIONAL_DEMAND,ACTUAL,2,SA1,"2021/10/17 01:00:00",1406,0,"2021/10/17 01:00:01"
D,OPERATIONAL_DEMAND,ACTUAL,2,SA1,"2021/10/17 01:30:00",1354,0,"2021/10/17 01:30:01"
D,OPERATIONAL_DEMAND,ACTUAL,2,SA1,"2021/10/17 02:00:00",1303,0,"2021/10/17 02:00:01"
D,OPERATIONAL_DEMAND,ACTUAL,2,SA1,"2021/10/17 02:30:00",1246,0,"2021/10/17 02:30:01"
D,OPERATIONAL_DEMAND,ACTUAL,2,SA1,"2021/10/17 03:00:00",1197,0,"2021/10/17 03:00:01"
D,OPERATIONAL_DEMAND,ACTUAL,2,SA1,"2021/10/17 03:30:00",1168,0,"2021/10/17 03:30:01"
D,OPERATIONAL_DEMAND,ACTUAL,2,SA1,"2021/10/17 04:00:00",1144,0,"2021/10/17 04:00:01"
D,OPERATIONAL_DEMAND,ACTUAL,2,TAS1,"2021/10/16 04:30:00",1058,0,"2021/10/16 04:30:01"
D,OPERATIONAL_DEMAND,ACTUAL,2,TAS1,"2021/10/16 05:00:00",1052,0,"2021/10/16 05:00:01"
D,OPERATIONAL_DEMAND,ACTUAL,2,TAS1,"2021/10/16 05:30:00",1076,0,"2021/10/16 05:30:01"
D,OPERATIONAL_DEMAND,ACTUAL,2,TAS1,"2021/10/16 06:00:00",1107,0,"2021/10/16 06:00:01"
D,OPERATIONAL_DEMAND,ACTUAL,2,TAS1,"2021/10/16 06:30:00",1127,0,"2021/10/16 06:30:01"
D,OPERATIONAL_DEMAND,ACTUAL,2,TAS1,"2021/10/16 07:00:00",1158,0,"2021/10/16 07:00:01"
D,OPERATIONAL_DEMAND,ACTUAL,2,TAS1,"2021/10/16 07:30:00",1194,0,"2021/10/16 07:30:01"
D,OPERATIONAL_DEMAND,ACTUAL,2,TAS1,"2021/10/16 08:00:00",1218,0,"2021/10/16 08:00:01"
D,OPERATIONAL_DEMAND,ACTUAL,2,TAS1,"2021/10/16 08:30:00",1235,0,"2021/10/16 08:30:01"
D,OPERATIONAL_DEMAND,ACTUAL,2,TAS1,"2021/10/16 09:00:00",1229,0,"2021/10/16 09:00:01"
D,OPERATIONAL_DEMAND,ACTUAL,2,TAS1,"2021/10/16 09:30:00",1222,0,"2021/10/16 09:30:01"
D,OPERATIONAL_DEMAND,ACTUAL,2,TAS1,"2021/10/16 10:00:00",1236,0,"2021/10/16 10:00:01"
D,OPERATIONAL_DEMAND,ACTUAL,2,TAS1,"2021/10/16 10:30:00",1192,0,"2021/10/16 10:30:01"
D,OPERATIONAL_DEMAND,ACTUAL,2,TAS1,"2021/10/16 11:00:00",1165,0,"2021/10/16 11:00:01"
D,OPERATIONAL_DEMAND,ACTUAL,2,TAS1,"2021/10/16 11:30:00",1135,0,"2021/10/16 11:30:01"
D,OPERATIONAL_DEMAND,ACTUAL,2,TAS1,"2021/10/16 12:00:00",1114,0,"2021/10/16 12:00:01"
D,OPERATIONAL_DEMAND,ACTUAL,2,TAS1,"2021/10/16 12:30:00",1078,0,"2021/10/16 12:30:01"
D,OPERATIONAL_DEMAND,ACTUAL,2,TAS1,"2021/10/16 13:00:00",1062,0,"2021/10/16 13:00:01"
D,OPERATIONAL_DEMAND,ACTUAL,2,TAS1,"2021/10/16 13:30:00",1044,0,"2021/10/16 13:30:01"
D,OPERATIONAL_DEMAND,ACTUAL,2,TAS1,"2021/10/16 14:00:00",1033,0,"2021/10/16 14:00:01"
D,OPERATIONAL_DEMAND,ACTUAL,2,TAS1,"2021/10/16 14:30:00",1037,0,"2021/10/16 14:30:01"
D,OPERATIONAL_DEMAND,ACTUAL,2,TAS1,"2021/10/16 15:00:00",1044,0,"2021/10/16 15:00:01"
D,OPERATIONAL_DEMAND,ACTUAL,2,TAS1,"2021/10/16 15:30:00",1066,0,"2021/10/16 15:30:01"
D,OPERATIONAL_DEMAND,ACTUAL,2,TAS1,"2021/10/16 16:00:00",1088,0,"2021/10/16 16:00:01"
D,OPERATIONAL_DEMAND,ACTUAL,2,TAS1,"2021/10/16 16:30:00",1124,0,"2021/10/16 16:30:01"
D,OPERATIONAL_DEMAND,ACTUAL,2,TAS1,"2021/10/16 17:00:00",1184,0,"2021/10/16 17:00:01"
D,OPERATIONAL_DEMAND,ACTUAL,2,TAS1,"2021/10/16 17:30:00",1206,0,"2021/10/16 17:30:01"
D,OPERATIONAL_DEMAND,ACTUAL,2,TAS1,"2021/10/16 18:00:00",1238,0,"2021/10/16 18:00:01"
D,OPERATIONAL_DEMAND,ACTUAL,2,TAS1,"2021/10/16 18:30:00",1241,0,"2021/10/16 18:30:01"
D,OPERATIONAL_DEMAND,ACTUAL,2,TAS1,"2021/10/16 19:00:00",1245,0,"2021/10/16 19:00:01"
D,OPERATIONAL_DEMAND,ACTUAL,2,TAS1,"2021/10/16 19:30:00",1237,0,"2021/10/16 19:30:01"
D,OPERATIONAL_DEMAND,ACTUAL,2,TAS1,"2021/10/16 20:00:00",1221,0,"2021/10/16 20:00:01"
D,OPERATIONAL_DEMAND,ACTUAL,2,TAS1,"2021/10/16 20:30:00",1213,0,"2021/10/16 20:30:01"
D,OPERATIONAL_DEMAND,ACTUAL,2,TAS1,"2021/10/16 21:00:00",1185,0,"2021/10/16 21:00:01"
D,OPERATIONAL_DEMAND,ACTUAL,2,TAS1,"2021/10/16 21:30:00",1163,0,"2021/10/16 21:30:01"
D,OPERATIONAL_DEMAND,ACTUAL,2,TAS1,"2021/10/16 22:00:00",1137,0,"2021/10/16 22:00:01"
D,OPERATIONAL_DEMAND,ACTUAL,2,TAS1,"2021/10/16 22:30:00",1099,0,"2021/10/16 22:30:01"
D,OPERATIONAL_DEMAND,ACTUAL,2,TAS1,"2021/10/16 23:00:00",1060,0,"2021/10/16 23:00:01"
D,OPERATIONAL_DEMAND,ACTUAL,2,TAS1,"2021/10/16 23:30:00",1050,0,"2021/10/16 23:30:01"
D,OPERATIONAL_DEMAND,ACTUAL,2,TAS1,"2021/10/17 00:00:00",1036,0,"2021/10/17 00:00:01"
D,OPERATIONAL_DEMAND,ACTUAL,2,TAS1,"2021/10/17 00:30:00",1019,0,"2021/10/17 00:30:01"
D,OPERATIONAL_DEMAND,ACTUAL,2,TAS1,"2021/10/17 01:00:00",1026,0,"2021/10/17 01:00:01"
D,OPERATIONAL_DEMAND,ACTUAL,2,TAS1,"2021/10/17 01:30:00",1026,0,"2021/10/17 01:30:01"
D,OPERATIONAL_DEMAND,ACTUAL,2,TAS1,"2021/10/17 02:00:00",1022,0,"2021/10/17 02:00:01"
D,OPERATIONAL_DEMAND,ACTUAL,2,TAS1,"2021/10/17 02:30:00",1025,0,"2021/10/17 02:30:01"
D,OPERATIONAL_DEMAND,ACTUAL,2,TAS1,"2021/10/17 03:00:00",1022,0,"2021/10/17 03:00:01"
D,OPERATIONAL_DEMAND,ACTUAL,2,TAS1,"2021/10/17 03:30:00",1026,0,"2021/10/17 03:30:01"
D,OPERATIONAL_DEMAND,ACTUAL,2,TAS1,"2021/10/17 04:00:00",1029,0,"2021/10/17 04:00:01"
D,OPERATIONAL_DEMAND,ACTUAL,2,VIC1,"2021/10/16 04:30:00",4136,0,"2021/10/16 04:30:01"
D,OPERATIONAL_DEMAND,ACTUAL,2,VIC1,"2021/10/16 05:00:00",4196,0,"2021/10/16 05:00:01"
D,OPERATIONAL_DEMAND,ACTUAL,2,VIC1,"2021/10/16 05:30:00",4329,0,"2021/10/16 05:30:01"
D,OPERATIONAL_DEMAND,ACTUAL,2,VIC1,"2021/10/16 06:00:00",4420,0,"2021/10/16 06:00:01"
D,OPERATIONAL_DEMAND,ACTUAL,2,VIC1,"2021/10/16 06:30:00",4611,0,"2021/10/16 06:30:01"
D,OPERATIONAL_DEMAND,ACTUAL,2,VIC1,"2021/10/16 07:00:00",4758,0,"2021/10/16 07:00:01"
D,OPERATIONAL_DEMAND,ACTUAL,2,VIC1,"2021/10/16 07:30:00",4776,0,"2021/10/16 07:30:01"
D,OPERATIONAL_DEMAND,ACTUAL,2,VIC1,"2021/10/16 08:00:00",4832,0,"2021/10/16 08:00:01"
D,OPERATIONAL_DEMAND,ACTUAL,2,VIC1,"2021/10/16 08:30:00",4848,0,"2021/10/16 08:30:01"
D,OPERATIONAL_DEMAND,ACTUAL,2,VIC1,"2021/10/16 09:00:00",4793,0,"2021/10/16 09:00:01"
D,OPERATIONAL_DEMAND,ACTUAL,2,VIC1,"2021/10/16 09:30:00",4611,0,"2021/10/16 09:30:01"
D,OPERATIONAL_DEMAND,ACTUAL,2,VIC1,"2021/10/16 10:00:00",4569,0,"2021/10/16 10:00:01"
D,OPERATIONAL_DEMAND,ACTUAL,2,VIC1,"2021/10/16 10:30:00",4370,0,"2021/10/16 10:30:01"
D,OPERATIONAL_DEMAND,ACTUAL,2,VIC1,"2021/10/16 11:00:00",4330,0,"2021/10/16 11:00:01"
D,OPERATIONAL_DEMAND,ACTUAL,2,VIC1,"2021/10/16 11:30:00",4220,0,"2021/10/16 11:30:01"
D,OPERATIONAL_DEMAND,ACTUAL,2,VIC1,"2021/10/16 12:00:00",4100,0,"2021/10/16 12:00:01"
D,OPERATIONAL_DEMAND,ACTUAL,2,VIC1,"2021/10/16 12:30:00",4108,0,"2021/10/16 12:30:01"
D,OPERATIONAL_DEMAND,ACTUAL,2,VIC1,"2021/10/16 13:00:00",3926,0,"2021/10/16 13:00:01"
D,OPERATIONAL_DEMAND,ACTUAL,2,VIC1,"2021/10/16 13:30:00",3839,0,"2021/10/16 13:30:01"
D,OPERATIONAL_DEMAND,ACTUAL,2,VIC1,"2021/10/16 14:00:00",3779,0,"2021/10/16 14:00:01"
D,OPERATIONAL_DEMAND,ACTUAL,2,VIC1,"2021/10/16 14:30:00",3823,0,"2021/10/16 14:30:01"
D,OPERATIONAL_DEMAND,ACTUAL,2,VIC1,"2021/10/16 15:00:00",3913,0,"2021/10/16 15:00:01"
D,OPERATIONAL_DEMAND,ACTUAL,2,VIC1,"2021/10/16 15:30:00",4038,0,"2021/10/16 15:30:01"
D,OPERATIONAL_DEMAND,ACTUAL,2,VIC1,"2021/10/16 16:00:00",4155,0,"2021/10/16 16:00:01"
D,OPERATIONAL_DEMAND,ACTUAL,2,VIC1,"2021/10/16 16:30:00",4431,0,"2021/10/16 16:30:01"
D,OPERATIONAL_DEMAND,ACTUAL,2,VIC1,"2021/10/16 17:00:00",4820,0,"2021/10/16 17:00:01"
D,OPERATIONAL_DEMAND,ACTUAL,2,VIC1,"2021/10/16 17:30:00",5069,0,"2021/10/16 17:30:01"
D,OPERATIONAL_DEMAND,ACTUAL,2,VIC1,"2021/10/16 18:00:00",5312,0,"2021/10/16 18:00:01"
D,OPERATIONAL_DEMAND,ACTUAL,2,VIC1,"2021/10/16 18:30:00",5449,0,"2021/10/16 18:30:01"
D,OPERATIONAL_DEMAND,ACTUAL,2,VIC1,"2021/10/16 19:00:00",5550,0,"2021/10/16 19:00:01"
D,OPERATIONAL_DEMAND,ACTUAL,2,VIC1,"2021/10/16 19:30:00",5585,0,"2021/10/16 19:30:01"
D,OPERATIONAL_DEMAND,ACTUAL,2,VIC1,"2021/10/16 20:00:00",5483,0,"2021/10/16 20:00:01"
D,OPERATIONAL_DEMAND,ACTUAL,2,VIC1,"2021/10/16 20:30:00",5376,0,"2021/10/16 20:30:01"
D,OPERATIONAL_DEMAND,ACTUAL,2,VIC1,"2021/10/16 21:00:00",5236,0,"2021/10/16 21:00:01"
D,OPERATIONAL_DEMAND,ACTUAL,2,VIC1,"2021/10/16 21:30:00",5078,0,"2021/10/16 21:30:01"
D,OPERATIONAL_DEMAND,ACTUAL,2,VIC1,"2021/10/16 22:00:00",4910,0,"2021/10/16 22:00:01"
D,OPERATIONAL_DEMAND,ACTUAL,2,VIC1,"2021/10/16 22:30:00",4763,0,"2021/10/16 22:30:01"
D,OPERATIONAL_DEMAND,ACTUAL,2,VIC1,"2021/10/16 23:00:00",4658,0,"2021/10/16 23:00:01"
D,OPERATIONAL_DEMAND,ACTUAL,2,VIC1,"2021/10/16 23:30:00",4796,0,"2021/10/16 23:30:01"
D,OPERATIONAL_DEMAND,ACTUAL,2,VIC1,"2021/10/17 00:00:00",4814,0,"2021/10/17 00:00:01"
D,OPERATIONAL_DEMAND,ACTUAL,2,VIC1,"2021/10/17 00:30:00",4661,0,"2021/10/17 00:30:01"
D,OPERATIONAL_DEMAND,ACTUAL,2,VIC1,"2021/10/17 01:00:00",4562,0,"2021/10/17 01:00:01"
D,OPERATIONAL_DEMAND,ACTUAL,2,VIC1,"2021/10/17 01:30:00",4463,0,"2021/10/17 01:30:01"
D,OPERATIONAL_DEMAND,ACTUAL,2,VIC1,"2021/10/17 02:00:00",4305,0,"2021/10/17 02:00:01"
D,OPERATIONAL_DEMAND,ACTUAL,2,VIC1,"2021/10/17 02:30:00",4185,0,"2021/10/17 02:30:01"
D,OPERATIONAL_DEMAND,ACTUAL,2,VIC1,"2021/10/17 03:00:00",4097,0,"2021/10/17 03:00:01"
D,OPERATIONAL_DEMAND,ACTUAL,2,VIC1,"2021/10/17 03:30:00",4071,0,"2021/10/17 03:30:01"
D,OPERATIONAL_DEMAND,ACTUAL,2,VIC1,"2021/10/17 04:00:00",4003,0,"2021/10/17 04:00:01"
C,"END OF REPORT",243
